,Date,Users,year,month,day,day of week,weekend
0,2020-01-01,13,2020,1,1,2,False
1,2020-01-02,17,2020,1,2,3,False
2,2020-01-03,13,2020,1,3,4,False
3,2020-01-04,4,2020,1,4,5,True
4,2020-01-05,10,2020,1,5,6,True
5,2020-01-06,29,2020,1,6,0,False
6,2020-01-07,43,2020,1,7,1,False
7,2020-01-08,27,2020,1,8,2,False
8,2020-01-09,26,2020,1,9,3,False
9,2020-01-10,20,2020,1,10,4,False
10,2020-01-11,7,2020,1,11,5,True
11,2020-01-12,7,2020,1,12,6,True
12,2020-01-13,27,2020,1,13,0,False
13,2020-01-14,33,2020,1,14,1,False
14,2020-01-15,16,2020,1,15,2,False
15,2020-01-16,14,2020,1,16,3,False
16,2020-01-17,14,2020,1,17,4,False
17,2020-01-18,18,2020,1,18,5,True
18,2020-01-19,25,2020,1,19,6,True
19,2020-01-20,16,2020,1,20,0,False
20,2020-01-21,24,2020,1,21,1,False
21,2020-01-22,17,2020,1,22,2,False
22,2020-01-23,39,2020,1,23,3,False
23,2020-01-24,43,2020,1,24,4,False
24,2020-01-25,35,2020,1,25,5,True
25,2020-01-26,37,2020,1,26,6,True
26,2020-01-27,189,2020,1,27,0,False
27,2020-01-28,197,2020,1,28,1,False
28,2020-01-29,142,2020,1,29,2,False
29,2020-01-30,79,2020,1,30,3,False
30,2020-01-31,60,2020,1,31,4,False
31,2020-02-01,46,2020,2,1,5,True
32,2020-02-02,47,2020,2,2,6,True
33,2020-02-03,60,2020,2,3,0,False
34,2020-02-04,52,2020,2,4,1,False
35,2020-02-05,38,2020,2,5,2,False
36,2020-02-06,32,2020,2,6,3,False
37,2020-02-07,40,2020,2,7,4,False
38,2020-02-08,21,2020,2,8,5,True
39,2020-02-09,30,2020,2,9,6,True
40,2020-02-10,33,2020,2,10,0,False
41,2020-02-11,13,2020,2,11,1,False
42,2020-02-12,71,2020,2,12,2,False
43,2020-02-13,59,2020,2,13,3,False
44,2020-02-14,38,2020,2,14,4,False
45,2020-02-15,45,2020,2,15,5,True
46,2020-02-16,59,2020,2,16,6,True
47,2020-02-17,46,2020,2,17,0,False
48,2020-02-18,60,2020,2,18,1,False
49,2020-02-19,77,2020,2,19,2,False
50,2020-02-20,59,2020,2,20,3,False
51,2020-02-21,51,2020,2,21,4,False
52,2020-02-22,45,2020,2,22,5,True
53,2020-02-23,30,2020,2,23,6,True
54,2020-02-24,28,2020,2,24,0,False
55,2020-02-25,80,2020,2,25,1,False
56,2020-02-26,50,2020,2,26,2,False
57,2020-02-27,53,2020,2,27,3,False
58,2020-02-28,74,2020,2,28,4,False
59,2020-02-29,46,2020,2,29,5,True
60,2020-03-01,27,2020,3,1,6,True
61,2020-03-02,62,2020,3,2,0,False
62,2020-03-03,65,2020,3,3,1,False
63,2020-03-04,75,2020,3,4,2,False
64,2020-03-05,56,2020,3,5,3,False
65,2020-03-06,52,2020,3,6,4,False
66,2020-03-07,58,2020,3,7,5,True
67,2020-03-08,41,2020,3,8,6,True
68,2020-03-09,119,2020,3,9,0,False
69,2020-03-10,78,2020,3,10,1,False
70,2020-03-11,99,2020,3,11,2,False
71,2020-03-12,62,2020,3,12,3,False
72,2020-03-13,28,2020,3,13,4,False
73,2020-03-14,10,2020,3,14,5,True
74,2020-03-15,10,2020,3,15,6,True
75,2020-03-16,10,2020,3,16,0,False
76,2020-03-17,14,2020,3,17,1,False
77,2020-03-18,13,2020,3,18,2,False
78,2020-03-19,9,2020,3,19,3,False
79,2020-03-20,27,2020,3,20,4,False
80,2020-03-21,19,2020,3,21,5,True
81,2020-03-22,7,2020,3,22,6,True
82,2020-03-23,14,2020,3,23,0,False
83,2020-03-24,8,2020,3,24,1,False
84,2020-03-25,13,2020,3,25,2,False
85,2020-03-26,10,2020,3,26,3,False
86,2020-03-27,14,2020,3,27,4,False
87,2020-03-28,7,2020,3,28,5,True
88,2020-03-29,13,2020,3,29,6,True
89,2020-03-30,5,2020,3,30,0,False
90,2020-03-31,6,2020,3,31,1,False
91,2020-04-01,10,2020,4,1,2,False
92,2020-04-02,16,2020,4,2,3,False
93,2020-04-03,13,2020,4,3,4,False
94,2020-04-04,9,2020,4,4,5,True
95,2020-04-05,16,2020,4,5,6,True
96,2020-04-06,3,2020,4,6,0,False
97,2020-04-07,6,2020,4,7,1,False
98,2020-04-08,9,2020,4,8,2,False
99,2020-04-09,0,2020,4,9,3,False
100,2020-04-10,10,2020,4,10,4,False
101,2020-04-11,14,2020,4,11,5,True
102,2020-04-12,5,2020,4,12,6,True
103,2020-04-13,6,2020,4,13,0,False
104,2020-04-14,6,2020,4,14,1,False
105,2020-04-15,10,2020,4,15,2,False
106,2020-04-16,2,2020,4,16,3,False
107,2020-04-17,12,2020,4,17,4,False
108,2020-04-18,3,2020,4,18,5,True
109,2020-04-19,6,2020,4,19,6,True
110,2020-04-20,16,2020,4,20,0,False
111,2020-04-21,10,2020,4,21,1,False
112,2020-04-22,12,2020,4,22,2,False
113,2020-04-23,2,2020,4,23,3,False
114,2020-04-24,11,2020,4,24,4,False
115,2020-04-25,2,2020,4,25,5,True
116,2020-04-26,2,2020,4,26,6,True
117,2020-04-27,12,2020,4,27,0,False
118,2020-04-28,8,2020,4,28,1,False
119,2020-04-29,23,2020,4,29,2,False
120,2020-04-30,6,2020,4,30,3,False
121,2020-05-01,9,2020,5,1,4,False
122,2020-05-02,8,2020,5,2,5,True
123,2020-05-03,11,2020,5,3,6,True
124,2020-05-04,19,2020,5,4,0,False
125,2020-05-05,4,2020,5,5,1,False
126,2020-05-06,13,2020,5,6,2,False
127,2020-05-07,26,2020,5,7,3,False
128,2020-05-08,17,2020,5,8,4,False
129,2020-05-09,11,2020,5,9,5,True
130,2020-05-10,10,2020,5,10,6,True
131,2020-05-11,18,2020,5,11,0,False
132,2020-05-12,9,2020,5,12,1,False
133,2020-05-13,12,2020,5,13,2,False
134,2020-05-14,10,2020,5,14,3,False
135,2020-05-15,10,2020,5,15,4,False
136,2020-05-16,22,2020,5,16,5,True
137,2020-05-17,9,2020,5,17,6,True
138,2020-05-18,13,2020,5,18,0,False
139,2020-05-19,10,2020,5,19,1,False
140,2020-05-20,21,2020,5,20,2,False
141,2020-05-21,12,2020,5,21,3,False
142,2020-05-22,2,2020,5,22,4,False
143,2020-05-23,13,2020,5,23,5,True
144,2020-05-24,11,2020,5,24,6,True
145,2020-05-25,16,2020,5,25,0,False
146,2020-05-26,9,2020,5,26,1,False
147,2020-05-27,8,2020,5,27,2,False
148,2020-05-28,20,2020,5,28,3,False
149,2020-05-29,22,2020,5,29,4,False
150,2020-05-30,6,2020,5,30,5,True
151,2020-05-31,21,2020,5,31,6,True
152,2020-06-01,28,2020,6,1,0,False
153,2020-06-02,14,2020,6,2,1,False
154,2020-06-03,8,2020,6,3,2,False
155,2020-06-04,4,2020,6,4,3,False
156,2020-06-05,20,2020,6,5,4,False
157,2020-06-06,7,2020,6,6,5,True
158,2020-06-07,20,2020,6,7,6,True
159,2020-06-08,12,2020,6,8,0,False
160,2020-06-09,6,2020,6,9,1,False
161,2020-06-10,12,2020,6,10,2,False
162,2020-06-11,13,2020,6,11,3,False
163,2020-06-12,11,2020,6,12,4,False
164,2020-06-13,15,2020,6,13,5,True
165,2020-06-14,15,2020,6,14,6,True
166,2020-06-15,8,2020,6,15,0,False
167,2020-06-16,32,2020,6,16,1,False
168,2020-06-17,25,2020,6,17,2,False
169,2020-06-18,53,2020,6,18,3,False
170,2020-06-19,18,2020,6,19,4,False
171,2020-06-20,20,2020,6,20,5,True
172,2020-06-21,18,2020,6,21,6,True
173,2020-06-22,34,2020,6,22,0,False
174,2020-06-23,43,2020,6,23,1,False
175,2020-06-24,45,2020,6,24,2,False
176,2020-06-25,18,2020,6,25,3,False
177,2020-06-26,62,2020,6,26,4,False
178,2020-06-27,31,2020,6,27,5,True
179,2020-06-28,32,2020,6,28,6,True
180,2020-06-29,47,2020,6,29,0,False
181,2020-06-30,54,2020,6,30,1,False
182,2020-07-01,45,2020,7,1,2,False
183,2020-07-02,36,2020,7,2,3,False
184,2020-07-03,38,2020,7,3,4,False
185,2020-07-04,24,2020,7,4,5,True
186,2020-07-05,36,2020,7,5,6,True
187,2020-07-06,36,2020,7,6,0,False
188,2020-07-07,45,2020,7,7,1,False
189,2020-07-08,92,2020,7,8,2,False
190,2020-07-09,34,2020,7,9,3,False
191,2020-07-10,66,2020,7,10,4,False
192,2020-07-11,76,2020,7,11,5,True
193,2020-07-12,60,2020,7,12,6,True
194,2020-07-13,131,2020,7,13,0,False
195,2020-07-14,47,2020,7,14,1,False
196,2020-07-15,53,2020,7,15,2,False
197,2020-07-16,42,2020,7,16,3,False
198,2020-07-17,43,2020,7,17,4,False
199,2020-07-18,45,2020,7,18,5,True
200,2020-07-19,22,2020,7,19,6,True
201,2020-07-20,46,2020,7,20,0,False
202,2020-07-21,101,2020,7,21,1,False
203,2020-07-22,70,2020,7,22,2,False
204,2020-07-23,60,2020,7,23,3,False
205,2020-07-24,45,2020,7,24,4,False
206,2020-07-25,28,2020,7,25,5,True
207,2020-07-26,61,2020,7,26,6,True
208,2020-07-27,82,2020,7,27,0,False
209,2020-07-28,77,2020,7,28,1,False
210,2020-07-29,73,2020,7,29,2,False
211,2020-07-30,47,2020,7,30,3,False
212,2020-07-31,57,2020,7,31,4,False
213,2020-08-01,38,2020,8,1,5,True
214,2020-08-02,44,2020,8,2,6,True
215,2020-08-03,88,2020,8,3,0,False
216,2020-08-04,24,2020,8,4,1,False
217,2020-08-05,30,2020,8,5,2,False
218,2020-08-06,60,2020,8,6,3,False
219,2020-08-07,42,2020,8,7,4,False
220,2020-08-08,61,2020,8,8,5,True
221,2020-08-09,40,2020,8,9,6,True
222,2020-08-10,53,2020,8,10,0,False
223,2020-08-11,50,2020,8,11,1,False
224,2020-08-12,41,2020,8,12,2,False
225,2020-08-13,68,2020,8,13,3,False
226,2020-08-14,43,2020,8,14,4,False
227,2020-08-15,24,2020,8,15,5,True
228,2020-08-16,31,2020,8,16,6,True
229,2020-08-17,42,2020,8,17,0,False
230,2020-08-18,36,2020,8,18,1,False
231,2020-08-19,36,2020,8,19,2,False
232,2020-08-20,46,2020,8,20,3,False
233,2020-08-21,40,2020,8,21,4,False
234,2020-08-22,33,2020,8,22,5,True
235,2020-08-23,28,2020,8,23,6,True
236,2020-08-24,35,2020,8,24,0,False
237,2020-08-25,48,2020,8,25,1,False
238,2020-08-26,57,2020,8,26,2,False
239,2020-08-27,69,2020,8,27,3,False
240,2020-08-28,54,2020,8,28,4,False
241,2020-08-29,43,2020,8,29,5,True
242,2020-08-30,40,2020,8,30,6,True
243,2020-08-31,66,2020,8,31,0,False
244,2020-09-01,58,2020,9,1,1,False
245,2020-09-02,48,2020,9,2,2,False
246,2020-09-03,52,2020,9,3,3,False
247,2020-09-04,26,2020,9,4,4,False
248,2020-09-05,39,2020,9,5,5,True
249,2020-09-06,45,2020,9,6,6,True
250,2020-09-07,100,2020,9,7,0,False
251,2020-09-08,89,2020,9,8,1,False
252,2020-09-09,95,2020,9,9,2,False
253,2020-09-10,87,2020,9,10,3,False
254,2020-09-11,55,2020,9,11,4,False
255,2020-09-12,32,2020,9,12,5,True
256,2020-09-13,87,2020,9,13,6,True
257,2020-09-14,86,2020,9,14,0,False
258,2020-09-15,112,2020,9,15,1,False
259,2020-09-16,174,2020,9,16,2,False
260,2020-09-17,43,2020,9,17,3,False
261,2020-09-18,60,2020,9,18,4,False
262,2020-09-19,32,2020,9,19,5,True
263,2020-09-20,13,2020,9,20,6,True
264,2020-09-21,45,2020,9,21,0,False
265,2020-09-22,28,2020,9,22,1,False
266,2020-09-23,39,2020,9,23,2,False
267,2020-09-24,54,2020,9,24,3,False
268,2020-09-25,38,2020,9,25,4,False
269,2020-09-26,20,2020,9,26,5,True
270,2020-09-27,6,2020,9,27,6,True
271,2020-09-28,48,2020,9,28,0,False
272,2020-09-29,58,2020,9,29,1,False
273,2020-09-30,62,2020,9,30,2,False
274,2020-10-01,32,2020,10,1,3,False
275,2020-10-02,15,2020,10,2,4,False
276,2020-10-03,10,2020,10,3,5,True
277,2020-10-04,33,2020,10,4,6,True
278,2020-10-05,21,2020,10,5,0,False
279,2020-10-06,48,2020,10,6,1,False
280,2020-10-07,43,2020,10,7,2,False
281,2020-10-08,16,2020,10,8,3,False
282,2020-10-09,30,2020,10,9,4,False
283,2020-10-10,22,2020,10,10,5,True
284,2020-10-11,14,2020,10,11,6,True
285,2020-10-12,16,2020,10,12,0,False
286,2020-10-13,39,2020,10,13,1,False
287,2020-10-14,27,2020,10,14,2,False
288,2020-10-15,12,2020,10,15,3,False
289,2020-10-16,16,2020,10,16,4,False
290,2020-10-17,7,2020,10,17,5,True
291,2020-10-18,10,2020,10,18,6,True
292,2020-10-19,47,2020,10,19,0,False
293,2020-10-20,31,2020,10,20,1,False
294,2020-10-21,62,2020,10,21,2,False
295,2020-10-22,72,2020,10,22,3,False
296,2020-10-23,62,2020,10,23,4,False
297,2020-10-24,36,2020,10,24,5,True
298,2020-10-25,44,2020,10,25,6,True
299,2020-10-26,58,2020,10,26,0,False
300,2020-10-27,50,2020,10,27,1,False
301,2020-10-28,64,2020,10,28,2,False
302,2020-10-29,50,2020,10,29,3,False
303,2020-10-30,30,2020,10,30,4,False
304,2020-10-31,18,2020,10,31,5,True
305,2020-11-01,41,2020,11,1,6,True
306,2020-11-02,55,2020,11,2,0,False
307,2020-11-03,55,2020,11,3,1,False
308,2020-11-04,39,2020,11,4,2,False
309,2020-11-05,38,2020,11,5,3,False
310,2020-11-06,32,2020,11,6,4,False
311,2020-11-07,37,2020,11,7,5,True
312,2020-11-08,30,2020,11,8,6,True
313,2020-11-09,55,2020,11,9,0,False
314,2020-11-10,42,2020,11,10,1,False
315,2020-11-11,52,2020,11,11,2,False
316,2020-11-12,61,2020,11,12,3,False
317,2020-11-13,35,2020,11,13,4,False
318,2020-11-14,42,2020,11,14,5,True
319,2020-11-15,35,2020,11,15,6,True
320,2020-11-16,51,2020,11,16,0,False
321,2020-11-17,2,2020,11,17,1,False
322,2020-11-18,3,2020,11,18,2,False
323,2020-11-19,3,2020,11,19,3,False
324,2020-11-20,0,2020,11,20,4,False
325,2020-11-21,0,2020,11,21,5,True
326,2020-11-22,0,2020,11,22,6,True
327,2020-11-23,2,2020,11,23,0,False
328,2020-11-24,35,2020,11,24,1,False
329,2020-11-25,38,2020,11,25,2,False
330,2020-11-26,34,2020,11,26,3,False
331,2020-11-27,23,2020,11,27,4,False
332,2020-11-28,39,2020,11,28,5,True
333,2020-11-29,47,2020,11,29,6,True
334,2020-11-30,37,2020,11,30,0,False
335,2020-12-01,27,2020,12,1,1,False
336,2020-12-02,38,2020,12,2,2,False
337,2020-12-03,43,2020,12,3,3,False
338,2020-12-04,29,2020,12,4,4,False
339,2020-12-05,47,2020,12,5,5,True
340,2020-12-06,50,2020,12,6,6,True
341,2020-12-07,37,2020,12,7,0,False
342,2020-12-08,40,2020,12,8,1,False
343,2020-12-09,30,2020,12,9,2,False
344,2020-12-10,41,2020,12,10,3,False
345,2020-12-11,51,2020,12,11,4,False
346,2020-12-12,29,2020,12,12,5,True
347,2020-12-13,46,2020,12,13,6,True
348,2020-12-14,50,2020,12,14,0,False
349,2020-12-15,40,2020,12,15,1,False
350,2020-12-16,45,2020,12,16,2,False
351,2020-12-17,44,2020,12,17,3,False
352,2020-12-18,56,2020,12,18,4,False
353,2020-12-19,31,2020,12,19,5,True
354,2020-12-20,54,2020,12,20,6,True
355,2020-12-21,43,2020,12,21,0,False
356,2020-12-22,11,2020,12,22,1,False
357,2020-12-23,14,2020,12,23,2,False
358,2020-12-24,13,2020,12,24,3,False
359,2020-12-25,6,2020,12,25,4,False
360,2020-12-26,13,2020,12,26,5,True
361,2020-12-27,19,2020,12,27,6,True
362,2020-12-28,18,2020,12,28,0,False
363,2020-12-29,19,2020,12,29,1,False
364,2020-12-30,5,2020,12,30,2,False
365,2020-12-31,5,2020,12,31,3,False
366,2021-01-01,3,2021,1,1,4,False
367,2021-01-02,13,2021,1,2,5,True
368,2021-01-03,18,2021,1,3,6,True
369,2021-01-04,16,2021,1,4,0,False
370,2021-01-05,27,2021,1,5,1,False
371,2021-01-06,8,2021,1,6,2,False
372,2021-01-07,19,2021,1,7,3,False
373,2021-01-08,19,2021,1,8,4,False
374,2021-01-09,9,2021,1,9,5,True
375,2021-01-10,28,2021,1,10,6,True
376,2021-01-11,19,2021,1,11,0,False
377,2021-01-12,27,2021,1,12,1,False
378,2021-01-13,26,2021,1,13,2,False
379,2021-01-14,27,2021,1,14,3,False
380,2021-01-15,22,2021,1,15,4,False
381,2021-01-16,17,2021,1,16,5,True
382,2021-01-17,14,2021,1,17,6,True
383,2021-01-18,9,2021,1,18,0,False
384,2021-01-19,8,2021,1,19,1,False
385,2021-01-20,14,2021,1,20,2,False
386,2021-01-21,20,2021,1,21,3,False
387,2021-01-22,7,2021,1,22,4,False
388,2021-01-23,9,2021,1,23,5,True
389,2021-01-24,10,2021,1,24,6,True
390,2021-01-25,15,2021,1,25,0,False
391,2021-01-26,21,2021,1,26,1,False
392,2021-01-27,15,2021,1,27,2,False
393,2021-01-28,13,2021,1,28,3,False
394,2021-01-29,21,2021,1,29,4,False
395,2021-01-30,5,2021,1,30,5,True
396,2021-01-31,3,2021,1,31,6,True
397,2021-02-01,26,2021,2,1,0,False
398,2021-02-02,36,2021,2,2,1,False
399,2021-02-03,39,2021,2,3,2,False
400,2021-02-04,66,2021,2,4,3,False
401,2021-02-05,29,2021,2,5,4,False
402,2021-02-06,55,2021,2,6,5,True
403,2021-02-07,38,2021,2,7,6,True
404,2021-02-08,50,2021,2,8,0,False
405,2021-02-09,44,2021,2,9,1,False
406,2021-02-10,37,2021,2,10,2,False
407,2021-02-11,53,2021,2,11,3,False
408,2021-02-12,39,2021,2,12,4,False
409,2021-02-13,17,2021,2,13,5,True
410,2021-02-14,52,2021,2,14,6,True
411,2021-02-15,38,2021,2,15,0,False
412,2021-02-16,42,2021,2,16,1,False
413,2021-02-17,43,2021,2,17,2,False
414,2021-02-18,50,2021,2,18,3,False
415,2021-02-19,31,2021,2,19,4,False
416,2021-02-20,20,2021,2,20,5,True
417,2021-02-21,34,2021,2,21,6,True
418,2021-02-22,49,2021,2,22,0,False
419,2021-02-23,32,2021,2,23,1,False
420,2021-02-24,48,2021,2,24,2,False
421,2021-02-25,25,2021,2,25,3,False
422,2021-02-26,39,2021,2,26,4,False
423,2021-02-27,14,2021,2,27,5,True
424,2021-02-28,20,2021,2,28,6,True
425,2021-03-01,48,2021,3,1,0,False
426,2021-03-02,35,2021,3,2,1,False
427,2021-03-03,48,2021,3,3,2,False
428,2021-03-04,37,2021,3,4,3,False
429,2021-03-05,35,2021,3,5,4,False
430,2021-03-06,34,2021,3,6,5,True
431,2021-03-07,47,2021,3,7,6,True
432,2021-03-08,44,2021,3,8,0,False
433,2021-03-09,40,2021,3,9,1,False
434,2021-03-10,48,2021,3,10,2,False
435,2021-03-11,43,2021,3,11,3,False
436,2021-03-12,66,2021,3,12,4,False
437,2021-03-13,55,2021,3,13,5,True
438,2021-03-14,63,2021,3,14,6,True
439,2021-03-15,94,2021,3,15,0,False
440,2021-03-16,103,2021,3,16,1,False
441,2021-03-17,101,2021,3,17,2,False
442,2021-03-18,67,2021,3,18,3,False
443,2021-03-19,104,2021,3,19,4,False
444,2021-03-20,49,2021,3,20,5,True
445,2021-03-21,102,2021,3,21,6,True
446,2021-03-22,115,2021,3,22,0,False
447,2021-03-23,102,2021,3,23,1,False
448,2021-03-24,136,2021,3,24,2,False
449,2021-03-25,121,2021,3,25,3,False
450,2021-03-26,92,2021,3,26,4,False
451,2021-03-27,57,2021,3,27,5,True
452,2021-03-28,61,2021,3,28,6,True
453,2021-03-29,56,2021,3,29,0,False
454,2021-03-30,66,2021,3,30,1,False
455,2021-03-31,29,2021,3,31,2,False
456,2021-04-01,32,2021,4,1,3,False
457,2021-04-02,28,2021,4,2,4,False
458,2021-04-03,43,2021,4,3,5,True
459,2021-04-04,44,2021,4,4,6,True
460,2021-04-05,57,2021,4,5,0,False
461,2021-04-06,86,2021,4,6,1,False
462,2021-04-07,81,2021,4,7,2,False
463,2021-04-08,98,2021,4,8,3,False
464,2021-04-09,84,2021,4,9,4,False
465,2021-04-10,57,2021,4,10,5,True
466,2021-04-11,82,2021,4,11,6,True
467,2021-04-12,61,2021,4,12,0,False
468,2021-04-13,58,2021,4,13,1,False
469,2021-04-14,45,2021,4,14,2,False
470,2021-04-15,62,2021,4,15,3,False
471,2021-04-16,58,2021,4,16,4,False
472,2021-04-17,31,2021,4,17,5,True
473,2021-04-18,44,2021,4,18,6,True
474,2021-04-19,52,2021,4,19,0,False
475,2021-04-20,69,2021,4,20,1,False
476,2021-04-21,61,2021,4,21,2,False
477,2021-04-22,53,2021,4,22,3,False
478,2021-04-23,51,2021,4,23,4,False
479,2021-04-24,40,2021,4,24,5,True
480,2021-04-25,45,2021,4,25,6,True
481,2021-04-26,55,2021,4,26,0,False
482,2021-04-27,50,2021,4,27,1,False
483,2021-04-28,55,2021,4,28,2,False
484,2021-04-29,40,2021,4,29,3,False
485,2021-04-30,33,2021,4,30,4,False
486,2021-05-01,34,2021,5,1,5,True
487,2021-05-02,34,2021,5,2,6,True
488,2021-05-03,50,2021,5,3,0,False
489,2021-05-04,58,2021,5,4,1,False
490,2021-05-05,79,2021,5,5,2,False
491,2021-05-06,69,2021,5,6,3,False
492,2021-05-07,38,2021,5,7,4,False
493,2021-05-08,23,2021,5,8,5,True
494,2021-05-09,40,2021,5,9,6,True
495,2021-05-10,75,2021,5,10,0,False
496,2021-05-11,79,2021,5,11,1,False
497,2021-05-12,85,2021,5,12,2,False
498,2021-05-13,69,2021,5,13,3,False
499,2021-05-14,54,2021,5,14,4,False
500,2021-05-15,58,2021,5,15,5,True
501,2021-05-16,36,2021,5,16,6,True
502,2021-05-17,42,2021,5,17,0,False
503,2021-05-18,62,2021,5,18,1,False
504,2021-05-19,61,2021,5,19,2,False
505,2021-05-20,51,2021,5,20,3,False
506,2021-05-21,48,2021,5,21,4,False
507,2021-05-22,42,2021,5,22,5,True
508,2021-05-23,54,2021,5,23,6,True
509,2021-05-24,85,2021,5,24,0,False
510,2021-05-25,86,2021,5,25,1,False
511,2021-05-26,60,2021,5,26,2,False
512,2021-05-27,51,2021,5,27,3,False
513,2021-05-28,50,2021,5,28,4,False
514,2021-05-29,27,2021,5,29,5,True
515,2021-05-30,25,2021,5,30,6,True
516,2021-05-31,35,2021,5,31,0,False
517,2021-06-01,48,2021,6,1,1,False
518,2021-06-02,57,2021,6,2,2,False
519,2021-06-03,27,2021,6,3,3,False
520,2021-06-04,25,2021,6,4,4,False
521,2021-06-05,19,2021,6,5,5,True
522,2021-06-06,28,2021,6,6,6,True
523,2021-06-07,35,2021,6,7,0,False
524,2021-06-08,36,2021,6,8,1,False
525,2021-06-09,25,2021,6,9,2,False
526,2021-06-10,39,2021,6,10,3,False
527,2021-06-11,22,2021,6,11,4,False
528,2021-06-12,16,2021,6,12,5,True
529,2021-06-13,19,2021,6,13,6,True
530,2021-06-14,23,2021,6,14,0,False
531,2021-06-15,22,2021,6,15,1,False
532,2021-06-16,38,2021,6,16,2,False
533,2021-06-17,25,2021,6,17,3,False
534,2021-06-18,18,2021,6,18,4,False
535,2021-06-19,21,2021,6,19,5,True
536,2021-06-20,26,2021,6,20,6,True
537,2021-06-21,22,2021,6,21,0,False
538,2021-06-22,16,2021,6,22,1,False
539,2021-06-23,25,2021,6,23,2,False
540,2021-06-24,29,2021,6,24,3,False
541,2021-06-25,29,2021,6,25,4,False
542,2021-06-26,12,2021,6,26,5,True
543,2021-06-27,10,2021,6,27,6,True
544,2021-06-28,29,2021,6,28,0,False
545,2021-06-29,22,2021,6,29,1,False
546,2021-06-30,32,2021,6,30,2,False
547,2021-07-01,27,2021,7,1,3,False
548,2021-07-02,17,2021,7,2,4,False
549,2021-07-03,25,2021,7,3,5,True
550,2021-07-04,13,2021,7,4,6,True
551,2021-07-05,36,2021,7,5,0,False
552,2021-07-06,42,2021,7,6,1,False
553,2021-07-07,39,2021,7,7,2,False
554,2021-07-08,31,2021,7,8,3,False
555,2021-07-09,21,2021,7,9,4,False
556,2021-07-10,16,2021,7,10,5,True
557,2021-07-11,21,2021,7,11,6,True
558,2021-07-12,26,2021,7,12,0,False
559,2021-07-13,33,2021,7,13,1,False
560,2021-07-14,25,2021,7,14,2,False
561,2021-07-15,30,2021,7,15,3,False
562,2021-07-16,26,2021,7,16,4,False
563,2021-07-17,24,2021,7,17,5,True
564,2021-07-18,23,2021,7,18,6,True
565,2021-07-19,24,2021,7,19,0,False
566,2021-07-20,38,2021,7,20,1,False
567,2021-07-21,38,2021,7,21,2,False
568,2021-07-22,36,2021,7,22,3,False
569,2021-07-23,36,2021,7,23,4,False
570,2021-07-24,25,2021,7,24,5,True
571,2021-07-25,27,2021,7,25,6,True
572,2021-07-26,31,2021,7,26,0,False
573,2021-07-27,41,2021,7,27,1,False
574,2021-07-28,34,2021,7,28,2,False
575,2021-07-29,41,2021,7,29,3,False
576,2021-07-30,27,2021,7,30,4,False
577,2021-07-31,22,2021,7,31,5,True
578,2021-08-01,29,2021,8,1,6,True
579,2021-08-02,44,2021,8,2,0,False
580,2021-08-03,31,2021,8,3,1,False
581,2021-08-04,47,2021,8,4,2,False
582,2021-08-05,39,2021,8,5,3,False
583,2021-08-06,39,2021,8,6,4,False
584,2021-08-07,23,2021,8,7,5,True
585,2021-08-08,24,2021,8,8,6,True
586,2021-08-09,41,2021,8,9,0,False
587,2021-08-10,44,2021,8,10,1,False
588,2021-08-11,33,2021,8,11,2,False
589,2021-08-12,33,2021,8,12,3,False
590,2021-08-13,20,2021,8,13,4,False
591,2021-08-14,18,2021,8,14,5,True
592,2021-08-15,23,2021,8,15,6,True
593,2021-08-16,29,2021,8,16,0,False
594,2021-08-17,39,2021,8,17,1,False
595,2021-08-18,36,2021,8,18,2,False
596,2021-08-19,24,2021,8,19,3,False
597,2021-08-20,35,2021,8,20,4,False
598,2021-08-21,29,2021,8,21,5,True
599,2021-08-22,19,2021,8,22,6,True
600,2021-08-23,38,2021,8,23,0,False
601,2021-08-24,53,2021,8,24,1,False
602,2021-08-25,37,2021,8,25,2,False
603,2021-08-26,56,2021,8,26,3,False
604,2021-08-27,43,2021,8,27,4,False
605,2021-08-28,24,2021,8,28,5,True
606,2021-08-29,34,2021,8,29,6,True
607,2021-08-30,44,2021,8,30,0,False
608,2021-08-31,50,2021,8,31,1,False
609,2021-09-01,57,2021,9,1,2,False
610,2021-09-02,42,2021,9,2,3,False
611,2021-09-03,37,2021,9,3,4,False
612,2021-09-04,23,2021,9,4,5,True
613,2021-09-05,31,2021,9,5,6,True
614,2021-09-06,53,2021,9,6,0,False
615,2021-09-07,59,2021,9,7,1,False
616,2021-09-08,66,2021,9,8,2,False
617,2021-09-09,53,2021,9,9,3,False
618,2021-09-10,37,2021,9,10,4,False
619,2021-09-11,30,2021,9,11,5,True
620,2021-09-12,36,2021,9,12,6,True
621,2021-09-13,46,2021,9,13,0,False
622,2021-09-14,46,2021,9,14,1,False
623,2021-09-15,64,2021,9,15,2,False
624,2021-09-16,43,2021,9,16,3,False
625,2021-09-17,39,2021,9,17,4,False
626,2021-09-18,33,2021,9,18,5,True
627,2021-09-19,26,2021,9,19,6,True
628,2021-09-20,52,2021,9,20,0,False
629,2021-09-21,50,2021,9,21,1,False
630,2021-09-22,41,2021,9,22,2,False
631,2021-09-23,57,2021,9,23,3,False
632,2021-09-24,27,2021,9,24,4,False
633,2021-09-25,15,2021,9,25,5,True
634,2021-09-26,36,2021,9,26,6,True
635,2021-09-27,47,2021,9,27,0,False
636,2021-09-28,61,2021,9,28,1,False
637,2021-09-29,47,2021,9,29,2,False
638,2021-09-30,45,2021,9,30,3,False
639,2021-10-01,29,2021,10,1,4,False
640,2021-10-02,17,2021,10,2,5,True
641,2021-10-03,32,2021,10,3,6,True
642,2021-10-04,61,2021,10,4,0,False
643,2021-10-05,45,2021,10,5,1,False
644,2021-10-06,60,2021,10,6,2,False
645,2021-10-07,38,2021,10,7,3,False
646,2021-10-08,31,2021,10,8,4,False
647,2021-10-09,19,2021,10,9,5,True
648,2021-10-10,23,2021,10,10,6,True
649,2021-10-11,52,2021,10,11,0,False
650,2021-10-12,41,2021,10,12,1,False
651,2021-10-13,51,2021,10,13,2,False
652,2021-10-14,36,2021,10,14,3,False
653,2021-10-15,31,2021,10,15,4,False
654,2021-10-16,29,2021,10,16,5,True
655,2021-10-17,33,2021,10,17,6,True
656,2021-10-18,41,2021,10,18,0,False
657,2021-10-19,59,2021,10,19,1,False
658,2021-10-20,45,2021,10,20,2,False
659,2021-10-21,43,2021,10,21,3,False
660,2021-10-22,27,2021,10,22,4,False
661,2021-10-23,25,2021,10,23,5,True
662,2021-10-24,17,2021,10,24,6,True
663,2021-10-25,56,2021,10,25,0,False
664,2021-10-26,36,2021,10,26,1,False
665,2021-10-27,44,2021,10,27,2,False
666,2021-10-28,51,2021,10,28,3,False
667,2021-10-29,26,2021,10,29,4,False
668,2021-10-30,18,2021,10,30,5,True
669,2021-10-31,28,2021,10,31,6,True
670,2021-11-01,20,2021,11,1,0,False
671,2021-11-02,49,2021,11,2,1,False
672,2021-11-03,51,2021,11,3,2,False
673,2021-11-04,45,2021,11,4,3,False
674,2021-11-05,34,2021,11,5,4,False
675,2021-11-06,30,2021,11,6,5,True
676,2021-11-07,33,2021,11,7,6,True
677,2021-11-08,34,2021,11,8,0,False
678,2021-11-09,38,2021,11,9,1,False
679,2021-11-10,60,2021,11,10,2,False
680,2021-11-11,51,2021,11,11,3,False
681,2021-11-12,45,2021,11,12,4,False
682,2021-11-13,46,2021,11,13,5,True
683,2021-11-14,58,2021,11,14,6,True
684,2021-11-15,35,2021,11,15,0,False
685,2021-11-16,58,2021,11,16,1,False
686,2021-11-17,47,2021,11,17,2,False
687,2021-11-18,65,2021,11,18,3,False
688,2021-11-19,42,2021,11,19,4,False
689,2021-11-20,31,2021,11,20,5,True
690,2021-11-21,35,2021,11,21,6,True
691,2021-11-22,45,2021,11,22,0,False
692,2021-11-23,50,2021,11,23,1,False
693,2021-11-24,42,2021,11,24,2,False
694,2021-11-25,27,2021,11,25,3,False
695,2021-11-26,30,2021,11,26,4,False
696,2021-11-27,17,2021,11,27,5,True
697,2021-11-28,23,2021,11,28,6,True
698,2021-11-29,31,2021,11,29,0,False
699,2021-11-30,48,2021,11,30,1,False
700,2021-12-01,44,2021,12,1,2,False
701,2021-12-02,22,2021,12,2,3,False
702,2021-12-03,38,2021,12,3,4,False
703,2021-12-04,36,2021,12,4,5,True
704,2021-12-05,19,2021,12,5,6,True
705,2021-12-06,21,2021,12,6,0,False
706,2021-12-07,50,2021,12,7,1,False
707,2021-12-08,36,2021,12,8,2,False
708,2021-12-09,109,2021,12,9,3,False
709,2021-12-10,49,2021,12,10,4,False
710,2021-12-11,24,2021,12,11,5,True
711,2021-12-12,37,2021,12,12,6,True
712,2021-12-13,54,2021,12,13,0,False
713,2021-12-14,49,2021,12,14,1,False
714,2021-12-15,41,2021,12,15,2,False
715,2021-12-16,35,2021,12,16,3,False
716,2021-12-17,38,2021,12,17,4,False
717,2021-12-18,29,2021,12,18,5,True
718,2021-12-19,21,2021,12,19,6,True
719,2021-12-20,41,2021,12,20,0,False
720,2021-12-21,35,2021,12,21,1,False
721,2021-12-22,44,2021,12,22,2,False
722,2021-12-23,27,2021,12,23,3,False
723,2021-12-24,28,2021,12,24,4,False
724,2021-12-25,26,2021,12,25,5,True
725,2021-12-26,33,2021,12,26,6,True
726,2021-12-27,47,2021,12,27,0,False
727,2021-12-28,36,2021,12,28,1,False
728,2021-12-29,46,2021,12,29,2,False
729,2021-12-30,48,2021,12,30,3,False
730,2021-12-31,23,2021,12,31,4,False
731,2022-01-01,17,2022,1,1,5,True
732,2022-01-02,30,2022,1,2,6,True
733,2022-01-03,52,2022,1,3,0,False
734,2022-01-04,49,2022,1,4,1,False
735,2022-01-05,44,2022,1,5,2,False
736,2022-01-06,41,2022,1,6,3,False
737,2022-01-07,36,2022,1,7,4,False
738,2022-01-08,29,2022,1,8,5,True
739,2022-01-09,37,2022,1,9,6,True
740,2022-01-10,57,2022,1,10,0,False
741,2022-01-11,58,2022,1,11,1,False
742,2022-01-12,46,2022,1,12,2,False
743,2022-01-13,52,2022,1,13,3,False
744,2022-01-14,38,2022,1,14,4,False
745,2022-01-15,42,2022,1,15,5,True
746,2022-01-16,26,2022,1,16,6,True
747,2022-01-17,66,2022,1,17,0,False
748,2022-01-18,56,2022,1,18,1,False
749,2022-01-19,53,2022,1,19,2,False
750,2022-01-20,50,2022,1,20,3,False
751,2022-01-21,54,2022,1,21,4,False
752,2022-01-22,41,2022,1,22,5,True
753,2022-01-23,55,2022,1,23,6,True
754,2022-01-24,57,2022,1,24,0,False
755,2022-01-25,62,2022,1,25,1,False
756,2022-01-26,64,2022,1,26,2,False
757,2022-01-27,69,2022,1,27,3,False
758,2022-01-28,55,2022,1,28,4,False
759,2022-01-29,38,2022,1,29,5,True
760,2022-01-30,39,2022,1,30,6,True
761,2022-01-31,72,2022,1,31,0,False
762,2022-02-01,75,2022,2,1,1,False
763,2022-02-02,66,2022,2,2,2,False
764,2022-02-03,63,2022,2,3,3,False
765,2022-02-04,42,2022,2,4,4,False
766,2022-02-05,42,2022,2,5,5,True
767,2022-02-06,42,2022,2,6,6,True
768,2022-02-07,63,2022,2,7,0,False
769,2022-02-08,49,2022,2,8,1,False
770,2022-02-09,63,2022,2,9,2,False
771,2022-02-10,53,2022,2,10,3,False
772,2022-02-11,46,2022,2,11,4,False
773,2022-02-12,49,2022,2,12,5,True
774,2022-02-13,39,2022,2,13,6,True
775,2022-02-14,48,2022,2,14,0,False
776,2022-02-15,63,2022,2,15,1,False
777,2022-02-16,37,2022,2,16,2,False
778,2022-02-17,60,2022,2,17,3,False
779,2022-02-18,47,2022,2,18,4,False
780,2022-02-19,29,2022,2,19,5,True
781,2022-02-20,38,2022,2,20,6,True
782,2022-02-21,52,2022,2,21,0,False
783,2022-02-22,57,2022,2,22,1,False
784,2022-02-23,58,2022,2,23,2,False
785,2022-02-24,54,2022,2,24,3,False
786,2022-02-25,38,2022,2,25,4,False
787,2022-02-26,27,2022,2,26,5,True
788,2022-02-27,26,2022,2,27,6,True
789,2022-02-28,59,2022,2,28,0,False
790,2022-03-01,36,2022,3,1,1,False
791,2022-03-02,45,2022,3,2,2,False
792,2022-03-03,52,2022,3,3,3,False
793,2022-03-04,47,2022,3,4,4,False
794,2022-03-05,23,2022,3,5,5,True
795,2022-03-06,30,2022,3,6,6,True
796,2022-03-07,62,2022,3,7,0,False
797,2022-03-08,74,2022,3,8,1,False
798,2022-03-09,66,2022,3,9,2,False
799,2022-03-10,38,2022,3,10,3,False
800,2022-03-11,28,2022,3,11,4,False
801,2022-03-12,32,2022,3,12,5,True
802,2022-03-13,37,2022,3,13,6,True
803,2022-03-14,66,2022,3,14,0,False
804,2022-03-15,56,2022,3,15,1,False
805,2022-03-16,78,2022,3,16,2,False
806,2022-03-17,44,2022,3,17,3,False
807,2022-03-18,41,2022,3,18,4,False
808,2022-03-19,45,2022,3,19,5,True
809,2022-03-20,40,2022,3,20,6,True
810,2022-03-21,83,2022,3,21,0,False
811,2022-03-22,60,2022,3,22,1,False
812,2022-03-23,59,2022,3,23,2,False
813,2022-03-24,73,2022,3,24,3,False
814,2022-03-25,56,2022,3,25,4,False
815,2022-03-26,34,2022,3,26,5,True
816,2022-03-27,31,2022,3,27,6,True
817,2022-03-28,66,2022,3,28,0,False
818,2022-03-29,66,2022,3,29,1,False
819,2022-03-30,71,2022,3,30,2,False
820,2022-03-31,53,2022,3,31,3,False
821,2022-04-01,48,2022,4,1,4,False
822,2022-04-02,40,2022,4,2,5,True
823,2022-04-03,51,2022,4,3,6,True
824,2022-04-04,86,2022,4,4,0,False
825,2022-04-05,56,2022,4,5,1,False
826,2022-04-06,53,2022,4,6,2,False
827,2022-04-07,48,2022,4,7,3,False
828,2022-04-08,55,2022,4,8,4,False
829,2022-04-09,37,2022,4,9,5,True
830,2022-04-10,32,2022,4,10,6,True
831,2022-04-11,61,2022,4,11,0,False
832,2022-04-12,46,2022,4,12,1,False
833,2022-04-13,37,2022,4,13,2,False
834,2022-04-14,38,2022,4,14,3,False
835,2022-04-15,30,2022,4,15,4,False
836,2022-04-16,33,2022,4,16,5,True
837,2022-04-17,52,2022,4,17,6,True
838,2022-04-18,56,2022,4,18,0,False
839,2022-04-19,66,2022,4,19,1,False
840,2022-04-20,59,2022,4,20,2,False
841,2022-04-21,51,2022,4,21,3,False
842,2022-04-22,48,2022,4,22,4,False
843,2022-04-23,42,2022,4,23,5,True
844,2022-04-24,36,2022,4,24,6,True
845,2022-04-25,65,2022,4,25,0,False
846,2022-04-26,63,2022,4,26,1,False
847,2022-04-27,64,2022,4,27,2,False
848,2022-04-28,46,2022,4,28,3,False
849,2022-04-29,29,2022,4,29,4,False
850,2022-04-30,21,2022,4,30,5,True
